{
 "kqfs0": 0.013386197854160658,
 "kqds0": -0.014270869266847706,
 "kqfs1": 0.012303571825654114,
 "kqds2": -0.013113521219828261,
 "kqfs3": 0.01182253503386262,
 "kqds4": -0.012933777471889651,
 "kqfs5": 0.010181072142612465,
 "kqdl1": -0.020885898300821753,
 "kqfl2": 0.020878388687567005,
 "kqdl2": -0.017462290315905876,
 "kqfl3": 0.016688245233682942,
 "kqdl3": -0.017963156329232143,
 "kqfl6": 0.015702606969610507,
 "kqdl4": -0.018381305072657488,
 "kqfl4": 0.01500481687536143,
 "kqfl5": 0.014137354261609475,
 "kqdl5": -0.015676673216986237,
 "kqdl6": -0.015773456594610945
}