{
 "kqd07r": -0.006856917,
 "kqf08r": 0.007868273,
 "kqd09r": 0.009670783,
 "kqf10r": 0.007788303,
 "kqd11r": -0.01964716,
 "kqf12r": 0.01633098,
 "kqx00r": 0.01653408,
 "kqx01r": -0.01644998,
 "kqx02r": 0.01651901,
 "kqf13r": 0.01801581,
 "kqd14r": -0.01656855,
 "kqf15r": 0.02091888,
 "kqd16r": -0.01003442,
 "kqf17r": 0.01057763,
 "kqd18r": -0.00634985,
 "kqf19r": 0.006297294,
 "kqd20r": -0.007107482
}