{
 "kqd0al": -0.3749199562503721,
 "kqd0bl": 0.16872067508707908,
 "kqf1al": 0.05197365432890642,
 "kqd01l": -0.011159318195151924,
 "kqf02l": 0.021668718052743778,
 "kqd02l": -0.010378049010157223,
 "kqd04l": -0.013209001772233489,
 "kqf05l": 0.009907483420947853,
 "kqd06l": -0.009589937732512474,
 "kqy01l": -0.01221414404125426,
 "kqy02l": 0.012644110239995138,
 "kqy03l": -0.013904426032493008,
 "kqy04l": 0.013479806426966215
}