{"kqd1": -0.013228207885750382, "kqf2": 0.0110706671123858, "kqd3": -0.01361259847360126, "kqf4": 0.011247740064320314, "kqd5": -0.013881904064365489, "kqf6": 0.011203933679138885}