{
 "ksffam1": 0.2779710653035901,
 "ksffam2": 0.24300601961743942,
 "ksdfam1": -0.26629286716699285,
 "ksdfam2": -0.15387498600852173
}