{"kqd1": -0.01322158074138165, "kqf2": 0.01110999085322261, "kqd3": -0.013662207125549029, "kqf4": 0.011250827348330534, "kqd5": -0.013835177724834323, "kqf6": 0.011118695785516414}