{"ksffam1": 0.281134742623642, "ksffam2": 0.24274640987782245, "ksdfam1": -0.2695533666653105, "ksdfam2": -0.1546545723399885}