{
 "kqd07l": -0.010805919334124673,
 "kqf08l": 0.009327140438420412,
 "kqd09l": -0.01037970266557534,
 "kqf10l": 0.013955418419828215,
 "kqd11l": -0.02413420535480617,
 "kqf12l": 0.021429129113339544,
 "kqx00l": 0.021220296166124433,
 "kqx01l": -0.02108319708960294,
 "kqx02l": 0.02119544462223808,
 "kqf13l": 0.02361576939666267,
 "kqd14l": -0.02466410870097703,
 "kqf15l": 0.02562092497826195,
 "kqd16l": -0.013721567798810655,
 "kqf17l": 0.014051287898925964,
 "kqd18l": -0.016404879077495355,
 "kqf19l": 0.02595110973364763,
 "kqd20l": -0.021215232265153074
}