{"kqd1": -0.013319793281558016, "kqf2": 0.011121328461027712, "kqd3": -0.01357952881948849, "kqf4": 0.011200753722940724, "kqd5": -0.013868230896601857, "kqf6": 0.01119831233955423}