{
 "kqd07l": -0.01079515,
 "kqf08l": 0.009323236,
 "kqd09l": -0.01053129,
 "kqf10l": 0.01403672,
 "kqd11l": -0.02440672,
 "kqf12l": 0.02153917,
 "kqx00l": 0.02122019,
 "kqx01l": -0.02108319,
 "kqx02l": 0.02119544,
 "kqf13l": 0.02369917,
 "kqd14l": -0.02456508,
 "kqf15l": 0.0255931,
 "kqd16l": -0.01222182,
 "kqf17l": 0.01223062,
 "kqd18l": -0.01528117,
 "kqf19l": 0.02623289,
 "kqd20l": -0.02193978
}