{"ksffam1": 0.27513462271564837, "ksffam2": 0.24528254031866772, "ksdfam1": -0.26598356213996116, "ksdfam2": -0.15586177480786292}