{
 "kqd1": -0.012223056185710304,
 "kqf2": 0.011003222871039487,
 "kqd3": -0.014328702362716493,
 "kqf4": 0.011338005342254705,
 "kqd5": -0.013571715105038913,
 "kqf6": 0.01105998737833384
}