{"ksffam1": 0.2779841282536082, "ksffam2": 0.24383017713004917, "ksdfam1": -0.2666314150629842, "ksdfam2": -0.1556579777330304}