{
 "kqfs0": 0.013145652417675307,
 "kqds0": -0.01444605648516999,
 "kqfs1": 0.01311843126987619,
 "kqds2": -0.01664872196097933,
 "kqfs3": 0.01178523533956178,
 "kqds4": -0.01555321994147204,
 "kqfs5": 0.009976880993679327,
 "kqdl1": -0.02707112864060201,
 "kqfl2": 0.019447937983915184,
 "kqdl2": -0.019088819907756925,
 "kqfl3": 0.017645866005609794,
 "kqdl3": -0.014998288763986765,
 "kqfl6": 0.015906480572964857,
 "kqdl4": -0.014289280936258555,
 "kqfl4": 0.015351835614858676,
 "kqfl5": 0.014188513644586368,
 "kqdl5": -0.013766455382525977,
 "kqdl6": -0.013895913898590562
}