{"kqd1": -0.013340527156485166, "kqf2": 0.011126197803392203, "kqd3": -0.013570106537784924, "kqf4": 0.011189472212301859, "kqd5": -0.013866857943197579, "kqf6": 0.011211289930793455}