{
 "kqfs0": 0.013417178610267953,
 "kqds0": -0.015054448066835199,
 "kqfs1": 0.012761500813070323,
 "kqds2": -0.014295886895370712,
 "kqfs3": 0.011806653773685907,
 "kqds4": -0.013321074525600857,
 "kqfs5": 0.01141388379479684,
 "kqdl1": -0.02435692743317311,
 "kqfl2": 0.02211897177710162,
 "kqdl2": -0.018514582022378392,
 "kqfl3": 0.01567878016949929,
 "kqdl3": -0.014763553671692312,
 "kqfl6": 0.013926037530381722,
 "kqdl4": -0.014994032991334758,
 "kqfl4": 0.014129402956932352,
 "kqfl5": 0.01429592882595999,
 "kqdl5": -0.015710406155910937,
 "kqdl6": -0.015990555451637568
}