{
 "kqd0al": -0.3749202541877432,
 "kqd0bl": 0.16872137330748618,
 "kqf1al": 0.051973133099463185,
 "kqd01l": -0.011158765533079212,
 "kqf02l": 0.02166845820269564,
 "kqd02l": -0.010378212081440848,
 "kqd04l": -0.01320625180684508,
 "kqf05l": 0.009907340895694908,
 "kqd06l": -0.00958991340798639,
 "kqy01l": -0.012214333661632786,
 "kqy02l": 0.012644389734380422,
 "kqy03l": -0.013904443748403342,
 "kqy04l": 0.013479771548588485
}