{
 "kqf13r": 0.018006672849952547,
 "kqd14r": -0.016457070315463833,
 "kqf15r": 0.020844969098508626,
 "kqd16r": -0.009587059445156944,
 "kqf17r": 0.010183960202509173,
 "kqd18r": -0.005606660329868616,
 "kqf19r": 0.006330831291816018,
 "kqd20r": -0.007671302474686636,
 "kqd07r": -0.006930075519282773,
 "kqf08r": 0.008386125262417027,
 "kqd09r": 0.00769570270129999,
 "kqf10r": 0.008701778288363026,
 "kqd11r": -0.020965360377320722,
 "kqf12r": 0.016458941116223848,
 "kqx00r": 0.016534213009377,
 "kqx01r": -0.016449977140715253,
 "kqx02r": 0.01651900580449008
}