{
 "kqfs0": 0.01319574256377601,
 "kqds0": -0.01444765719521647,
 "kqfs1": 0.012957657360322705,
 "kqds2": -0.01601359815130948,
 "kqfs3": 0.01200928391637738,
 "kqds4": -0.01722575929530578,
 "kqfs5": 0.009941269866972297,
 "kqdl1": -0.025187010438952728,
 "kqfl2": 0.018310744549137226,
 "kqdl2": -0.01715905656596218,
 "kqfl3": 0.01912047482046409,
 "kqdl3": -0.01583043104475906,
 "kqfl6": 0.017235400427274956,
 "kqdl4": -0.015261982627348396,
 "kqfl4": 0.01429592867027651,
 "kqfl5": 0.01432066392974864,
 "kqdl5": -0.014625933137850686,
 "kqdl6": -0.013803591422243577
}