{
 "kqf13l": 0.02365153345265623,
 "kqd14l": -0.024645162046463227,
 "kqf15l": 0.025615570079658933,
 "kqd16l": -0.015651684282058115,
 "kqf17l": 0.012360405447338917,
 "kqd18l": -0.012143061050783454,
 "kqf19l": 0.02514558199313243,
 "kqd20l": -0.022630260727753062,
 "kqd11l": -0.02410095938946067,
 "kqf12l": 0.021445144638161617,
 "kqd07l": -0.010809629897891058,
 "kqf08l": 0.009301464418590056,
 "kqd09l": -0.010249457312524286,
 "kqf10l": 0.013934557374329443,
 "kqx00l": 0.021220291030407557,
 "kqx01l": -0.021083196070662315,
 "kqx02l": 0.021195444313142724
}