{
 "kqfs0": 0.013420859600592649,
 "kqds0": -0.015988259005992742,
 "kqfs1": 0.013372276721821959,
 "kqds2": -0.016754890426020505,
 "kqfs3": 0.012357195753858305,
 "kqds4": -0.016665275142788025,
 "kqfs5": 0.009418861381181342,
 "kqdl1": -0.02188365319930186,
 "kqfl2": 0.018305173803651136,
 "kqdl2": -0.01681711226359961,
 "kqfl3": 0.019044263188567452,
 "kqdl3": -0.01581757953916768,
 "kqfl6": 0.01707719524885219,
 "kqdl4": -0.015228103360694823,
 "kqfl4": 0.014235471906041863,
 "kqfl5": 0.014219505261828188,
 "kqdl5": -0.014922625066096325,
 "kqdl6": -0.014278411945363691
}