{
 "kqfs0": 0.013252438200689946,
 "kqds0": -0.014854312417389343,
 "kqfs1": 0.01307503076619984,
 "kqds2": -0.016236555779470974,
 "kqfs3": 0.0121169680952359,
 "kqds4": -0.017372503688793093,
 "kqfs5": 0.00987832687272052,
 "kqdl1": -0.024456334164383087,
 "kqfl2": 0.018256152529093923,
 "kqdl2": -0.01704363420997047,
 "kqfl3": 0.019087117458121583,
 "kqdl3": -0.015817281829317926,
 "kqfl6": 0.017195967902841888,
 "kqdl4": -0.015248882240341426,
 "kqfl4": 0.014282256447393577,
 "kqfl5": 0.014308023204480078,
 "kqdl5": -0.014615305649395009,
 "kqdl6": -0.01380055227548857
}