{
 "kqd0al": -0.37492025431000975,
 "kqd0bl": 0.16872137361862974,
 "kqf1al": 0.051973132863475366,
 "kqd01l": -0.011158765296559707,
 "kqf02l": 0.021668458001773323,
 "kqd02l": -0.010378211967662093,
 "kqd04l": -0.0132062547756468,
 "kqf05l": 0.009907340740689687,
 "kqd06l": -0.009589913362132827,
 "kqy01l": -0.012214333702330637,
 "kqy02l": 0.012644389794187652,
 "kqy03l": -0.01390444375232805,
 "kqy04l": 0.013479771541488371
}