{
 "kqd1": -0.01334474827291482,
 "kqf2": 0.011127287518356527,
 "kqd3": -0.0135697985380165,
 "kqf4": 0.011200967437582908,
 "kqd5": -0.013865153275613194,
 "kqf6": 0.011186182312800396
}