{
 "kqd04r": -0.016793315928725728,
 "kqf05r": 0.021350118840106135,
 "kqd06r": -0.009721191827415702,
 "kqd01r": -0.004669233490640993,
 "kqf02r": 0.009811883614039927,
 "kqd02r": -0.00852054925171848,
 "kqy01r": -0.007914361051278865,
 "kqy02r": 0.017022463526774147,
 "kqy03r": -0.014403962981310092,
 "kqy04r": 0.012608025572808348,
 "kqd0ar": -0.37766266463599546,
 "kqd0br": 0.1629505251037619,
 "kqf1ar": 0.06625663409083234
}