{
 "kqf13l": 0.023628048962730745,
 "kqd14l": -0.024600456002253943,
 "kqf15l": 0.025603530945696944,
 "kqd16l": -0.011824454835023928,
 "kqf17l": 0.010300315850446912,
 "kqd18l": -0.013194101935485193,
 "kqf19l": 0.026163869862591407,
 "kqd20l": -0.022762152937740504,
 "kqd11l": -0.024335792111849146,
 "kqf12l": 0.02149199882108183,
 "kqd07l": -0.01083640881047654,
 "kqf08l": 0.009260717946859199,
 "kqd09l": -0.009747447154268191,
 "kqf10l": 0.013857828234457517,
 "kqx00l": 0.021220279582264856,
 "kqx01l": -0.02108320174976933,
 "kqx02l": 0.021195460339133616
}