{
 "kqf13l": 0.023628048419629497,
 "kqd14l": -0.0246004549242595,
 "kqf15l": 0.025603530656983932,
 "kqd16l": -0.011824373488500501,
 "kqf17l": 0.010300270003284883,
 "kqd18l": -0.01319411855196473,
 "kqf19l": 0.02616388811619976,
 "kqd20l": -0.022762155119535613,
 "kqd11l": -0.024335797614745004,
 "kqf12l": 0.021491999544704172,
 "kqd07l": -0.010836409107848784,
 "kqf08l": 0.009260717305566303,
 "kqd09l": -0.009747439619108,
 "kqf10l": 0.013857826504616814,
 "kqx00l": 0.021220279582363322,
 "kqx01l": -0.021083201749771678,
 "kqx02l": 0.02119546033914589
}