{
 "kqf13l": 0.0236280835656126,
 "kqd14l": -0.024600511080255117,
 "kqf15l": 0.02560349884771867,
 "kqd16l": -0.011821741524004791,
 "kqf17l": 0.01030110669076862,
 "kqd18l": -0.013197339616893107,
 "kqf19l": 0.026165597944244667,
 "kqd20l": -0.022762088375469634,
 "kqd11l": -0.02433598225508309,
 "kqf12l": 0.02149207050491732,
 "kqd07l": -0.010836458718432546,
 "kqf08l": 0.009260672043342447,
 "kqd09l": -0.009746821510348624,
 "kqf10l": 0.013857752025002066,
 "kqx00l": 0.021220279539012822,
 "kqx01l": -0.02108320174977529,
 "kqx02l": 0.02119546033922112
}