{
 "kqd1": -0.013344748331392965,
 "kqf2": 0.011127287516866629,
 "kqd3": -0.013569798540917052,
 "kqf4": 0.011200967467495705,
 "kqd5": -0.013865153242810652,
 "kqf6": 0.011186182248428794
}