{
 "kqf13l": 0.023628048420860314,
 "kqd14l": -0.024600454925909288,
 "kqf15l": 0.025603530657451024,
 "kqd16l": -0.011824373641377534,
 "kqf17l": 0.010300270092120837,
 "kqd18l": -0.013194118521584792,
 "kqf19l": 0.026163888081232444,
 "kqd20l": -0.02276215511540681,
 "kqd11l": -0.02433579760614267,
 "kqf12l": 0.021491999543328623,
 "kqd07l": -0.010836409106903441,
 "kqf08l": 0.009260717306993354,
 "kqd09l": -0.00974743963692992,
 "kqf10l": 0.013857826507375005,
 "kqx00l": 0.02122027958209072,
 "kqx01l": -0.021083201749766287,
 "kqx02l": 0.02119546033911493
}