{
 "kqfs0": 0.013201223182279927,
 "kqds0": -0.014529346567826562,
 "kqfs1": 0.012998894600446453,
 "kqds2": -0.01613137714220551,
 "kqfs3": 0.012011879663424227,
 "kqds4": -0.01716638510643344,
 "kqfs5": 0.012959238778617363,
 "kqdl1": -0.027456700346354324,
 "kqfl2": 0.02328572073617215,
 "kqdl2": -0.01754953077576665,
 "kqfl3": 0.014970672195545542,
 "kqdl3": -0.013332746406280517,
 "kqfl6": 0.013229835118116758,
 "kqdl4": -0.01395480664062605,
 "kqfl4": 0.013355556809505892,
 "kqfl5": 0.013886552640688745,
 "kqdl5": -0.014781447052201378,
 "kqdl6": -0.013802717914824654
}