{
 "kqd04r": -0.016793339941740343,
 "kqf05r": 0.02135010733816639,
 "kqd06r": -0.009721186836218833,
 "kqd01r": -0.004669216355182898,
 "kqf02r": 0.009811804798893578,
 "kqd02r": -0.008520419239574317,
 "kqy01r": -0.007914356473801747,
 "kqy02r": 0.01702245549830247,
 "kqy03r": -0.014403952452672142,
 "kqy04r": 0.012608012997802199,
 "kqd0ar": -0.37766265272211613,
 "kqd0br": 0.1629504879255196,
 "kqf1ar": 0.06625666199293449
}