{
 "kqf13r": 0.017981081596935185,
 "kqd14r": -0.016508608189081418,
 "kqf15r": 0.020879582233888867,
 "kqd16r": -0.009357052346274358,
 "kqf17r": 0.010203022929429517,
 "kqd18r": -0.005710319859750431,
 "kqf19r": 0.00633898194693838,
 "kqd20r": -0.0075887107371790125,
 "kqd07r": -0.00693808351860903,
 "kqf08r": 0.008421673509035053,
 "kqd09r": 0.007711103801969328,
 "kqf10r": 0.008693726213785183,
 "kqd11r": -0.021192657917575502,
 "kqf12r": 0.016493401331136255,
 "kqx00r": 0.016534197521355983,
 "kqx01r": -0.016449969680919038,
 "kqx02r": 0.016518982646894893
}