{
 "kqd07l": -0.010808979901862928,
 "kqf08l": 0.009320872499669113,
 "kqd09l": -0.010318860522091598,
 "kqf10l": 0.013946094231056394,
 "kqd11l": -0.024152864531626052,
 "kqf12l": 0.02143511514427233,
 "kqx00l": 0.02122029057271708,
 "kqx01l": -0.02108319428880258,
 "kqx02l": 0.021195444020315236,
 "kqf13l": 0.02361709560539681,
 "kqd14l": -0.024658233078605638,
 "kqf15l": 0.025619612564064413,
 "kqd16l": -0.013563881998240442,
 "kqf17l": 0.01373814477165636,
 "kqd18l": -0.01614231198222396,
 "kqf19l": 0.025987900721176876,
 "kqd20l": -0.021367158715012678
}