{
 "kqd0ar": -0.377659231340871,
 "kqd0br": 0.16294057556498098,
 "kqf1ar": 0.06626405398893502,
 "kqd01r": -0.004669732195077784,
 "kqf02r": 0.009809542392887878,
 "kqd02r": -0.008517757333122768,
 "kqd04r": -0.01679393445821628,
 "kqf05r": 0.02135019640568028,
 "kqd06r": -0.009721197036379293,
 "kqy01r": -0.007914389040075057,
 "kqy02r": 0.017022577534779086,
 "kqy03r": -0.014403943926385594,
 "kqy04r": 0.012607901040867944
}