{
 "kqd07r": -0.006930110300822577,
 "kqf08r": 0.008386091562070382,
 "kqd09r": 0.007697366157395471,
 "kqf10r": 0.008701032696341527,
 "kqd11r": -0.02096650034214463,
 "kqf12r": 0.016459071480927345,
 "kqx00r": 0.01653421262385361,
 "kqx01r": -0.016449977531423268,
 "kqx02r": 0.01651900585459764,
 "kqf13r": 0.018006376239755182,
 "kqd14r": -0.01645764215474517,
 "kqf15r": 0.020845025028284024,
 "kqd16r": -0.009585086498894065,
 "kqf17r": 0.01018449084387673,
 "kqd18r": -0.005608397469872666,
 "kqf19r": 0.00633099092836355,
 "kqd20r": -0.0076701422738275245
}