{
 "kqd07r": -0.00693002534805051,
 "kqf08r": 0.008385706988499077,
 "kqd09r": 0.007697197091368297,
 "kqf10r": 0.008701114552437926,
 "kqd11r": -0.020964026951973407,
 "kqf12r": 0.01645869466871909,
 "kqx00r": 0.016534212719331833,
 "kqx01r": -0.016449977388507446,
 "kqx02r": 0.016519005836780072,
 "kqf13r": 0.01800665539157672,
 "kqd14r": -0.016457022745736814,
 "kqf15r": 0.020844692734376186,
 "kqd16r": -0.00958767451612466,
 "kqf17r": 0.010184230387958699,
 "kqd18r": -0.005607065004857786,
 "kqf19r": 0.006330810984086322,
 "kqd20r": -0.007671098829109513
}